resiliation,qa,Le client bénéficie t-il d'une clause de XXX?
resiliation,qa,Le client bénéficie t-il d'une clause de XXX?
notice,qa,Le client bénéficie t-il d'une clause de XXX?
forcemajeure,qa,Le client bénéficie t-il d'une clause de XXX?
notice,qa,Le client bénéficie t-il d'une clause de XXX?
resiliation,qa,Le client bénéficie t-il d'une clause de XXX?
convenance,qa,Le client bénéficie t-il d'une clause de XXX?
convenance,qa,Le client bénéficie t-il d'une clause de XXX?
convenance,qa,Le client bénéficie t-il d'une clause de XXX?
convenance,qa,Le client bénéficie t-il d'une clause de XXX?
convenance,qa,Le client bénéficie t-il d'une clause de XXX?
resiliation,qa,Le client bénéficie t-il d'une clause de XXX?
resiliation,qa,Le client bénéficie t-il d'une clause de XXX?
resiliation,qa,Le client bénéficie t-il d'une clause de XXX?
convenance,qa,Le client bénéficie t-il d'une clause de XXX?
convenance,qa,Le client bénéficie t-il d'une clause de XXX?
resiliation,qa,Le client bénéficie t-il d'une clause de XXX?
resiliation,qa,Le client bénéficie t-il d'une clause de XXX?
resiliation,qa,Le client bénéficie t-il d'une clause de XXX?
resiliation,qa,Le client bénéficie t-il d'une clause de XXX?
resiliation,qa,Le client bénéficie t-il d'une clause de XXX?
resiliation,qa,Le client bénéficie t-il d'une clause de XXX?
resiliation,qa,Le client bénéficie t-il d'une clause de XXX?
resiliation,qa,Le client bénéficie t-il d'une clause de XXX?
resiliation,qa,Le client bénéficie t-il d'une clause de XXX?
resiliation,qa,Le client bénéficie t-il d'une clause de XXX?
resiliation,qa,Le client bénéficie t-il d'une clause de XXX?
resiliation,qa,Le client bénéficie t-il d'une clause de XXX?
resiliation,qa,Le client bénéficie t-il d'une clause de XXX?